-- Brixit Reference Data Seed
-- Populates lookup tables, crops, brands, and locations.
-- Safe to re-run — all inserts use ON CONFLICT DO NOTHING.
-- Run after migrations: npm run db:data (from backend/)

-- ─── Crop Categories (lookup table) ──────────────────────────────────────────

INSERT INTO crop_categories (name, label, sort_order) VALUES
  ('fruit',     'Fruit',     1),
  ('vegetable', 'Vegetable', 2),
  ('grass',     'Grass',     3)
ON CONFLICT (name) DO NOTHING;

-- ─── Location Types (lookup table) ───────────────────────────────────────────

INSERT INTO location_types (name, label, sort_order) VALUES
  ('Grocery',   'Grocery Store',     1),
  ('Health',    'Health Food Store', 2),
  ('Community', 'Community Market',  3),
  ('Specialty', 'Specialty Store',   4),
  ('Club',      'Club / Warehouse',  5),
  ('Farmers',   'Farmers Market',    6),
  ('Other',     'Other',             7)
ON CONFLICT (name) DO NOTHING;

-- ─── Crops ───────────────────────────────────────────────────────────────────

INSERT INTO crops (name, label, poor_brix, average_brix, good_brix, excellent_brix, category) VALUES
('alfalfa',       'alfalfa',       4,  8,  16, 22, 'grass'),
('apple',         'apple',         6,  10, 14, 18, 'fruit'),
('asparagus',     'asparagus',     2,  4,  6,  8,  'vegetable'),
('avocado',       'avocado',       4,  6,  8,  10, 'fruit'),
('banana',        'banana',        8,  10, 12, 14, 'fruit'),
('beet',          'beet',          6,  8,  10, 12, 'vegetable'),
('bell_pepper',   'bell pepper',   4,  6,  10, 12, 'vegetable'),
('blueberry',     'blueberry',     8,  10, 14, 16, 'fruit'),
('broccoli',      'broccoli',      6,  8,  10, 12, 'vegetable'),
('cabbage',       'cabbage',       6,  8,  10, 12, 'vegetable'),
('cantaloupe',    'cantaloupe',    8,  12, 14, 16, 'fruit'),
('carrot',        'carrot',        4,  6,  12, 18, 'vegetable'),
('casaba',        'casaba',        8,  10, 12, 14, 'fruit'),
('cauliflower',   'cauliflower',   4,  6,  8,  10, 'vegetable'),
('celery',        'celery',        4,  6,  10, 12, 'vegetable'),
('cherry',        'cherry',        6,  8,  14, 16, 'fruit'),
('coconut',       'coconut',       8,  10, 12, 14, 'fruit'),
('cucumber',      'cucumber',      2,  3,  4,  5,  'vegetable'),
('cured_garlic',  'cured garlic',  28, 32, 36, 40, 'vegetable'),
('endive',        'endive',        4,  6,  10, 12, 'vegetable'),
('english_peas',  'english peas',  8,  10, 12, 14, 'vegetable'),
('escarole',      'escarole',      4,  6,  8,  10, 'vegetable'),
('grains',        'grains',        6,  10, 14, 18, 'grass'),
('grape',         'grape',         8,  12, 16, 20, 'fruit'),
('grapefruit',    'grapefruit',    6,  10, 14, 18, 'fruit'),
('green_bean',    'green bean',    4,  6,  8,  10, 'vegetable'),
('honeydew',      'honeydew',      8,  10, 12, 14, 'fruit'),
('hot_pepper',    'hot pepper',    6,  8,  10, 12, 'vegetable'),
('kale',          'kale',          8,  10, 12, 16, 'vegetable'),
('kohlrabi',      'kohlrabi',      6,  8,  10, 12, 'vegetable'),
('kumquat',       'kumquat',       4,  6,  8,  10, 'fruit'),
('lemon',         'lemon',         4,  6,  8,  12, 'fruit'),
('lettuce',       'lettuce',       4,  6,  8,  10, 'vegetable'),
('lime',          'lime',          4,  6,  10, 12, 'fruit'),
('mango',         'mango',         4,  6,  10, 14, 'fruit'),
('onion',         'onion',         4,  6,  8,  10, 'vegetable'),
('orange',        'orange',        6,  10, 16, 20, 'fruit'),
('papaya',        'papaya',        6,  10, 18, 22, 'fruit'),
('parsley',       'parsley',       4,  6,  8,  10, 'vegetable'),
('peach',         'peach',         6,  10, 14, 18, 'fruit'),
('peanut',        'peanut',        4,  6,  8,  10, 'vegetable'),
('pear',          'pear',          6,  10, 12, 14, 'fruit'),
('pineapple',     'pineapple',     12, 14, 20, 22, 'fruit'),
('potato',        'potato',        3,  5,  7,  8,  'vegetable'),
('raisin',        'raisin',        60, 70, 75, 80, 'fruit'),
('raspberry',     'raspberry',     6,  8,  12, 14, 'fruit'),
('romaine',       'romaine',       4,  6,  8,  10, 'vegetable'),
('rutabaga',      'rutabaga',      4,  6,  8,  12, 'vegetable'),
('sorghum',       'sorghum',       6,  10, 22, 30, 'grass'),
('spinach',       'spinach',       6,  8,  10, 12, 'vegetable'),
('squash',        'squash',        6,  8,  12, 14, 'vegetable'),
('strawberry',    'strawberry',    6,  8,  12, 14, 'fruit'),
('sweet_corn',    'sweet corn',    6,  10, 18, 24, 'vegetable'),
('sweet_potato',  'sweet potato',  6,  8,  10, 14, 'vegetable'),
('tomato',        'tomato',        4,  6,  8,  12, 'fruit'),
('turnip',        'turnip',        4,  6,  8,  10, 'vegetable'),
('watermelon',    'watermelon',    8,  12, 14, 16, 'fruit')
ON CONFLICT (name) DO NOTHING;

-- ─── Brands (farm/producer labels) ───────────────────────────────────────────

INSERT INTO brands (name, label) VALUES
('365_organic',              '365 Organic'),
('airchief_sun_pacific',     'Airchief (Sun Pacific)'),
('alderman_farms',           'Alderman Farms'),
('altar',                    'Altar'),
('ambrosia_gold',            'Ambrosia Gold'),
('andy_boy',                 'Andy Boy'),
('artisan_organics',         'Artisan Organics'),
('aztlan',                   'Aztlan'),
('b_organic',                'B Organic'),
('baloian_farms',            'Baloian Farms'),
('big_chuy',                 'Big Chuy'),
('big_y',                    'Big Y'),
('bolthouse_farms',          'Bolthouse Farms'),
('bonipak',                  'Bonipak'),
('boskovich_farms',          'Boskovich Farms'),
('brighthouse_organics',     'Brighthouse Organics'),
('cal_organic',              'Cal Organic'),
('capac_chief',              'Capac Chief'),
('chelan',                   'Chelan'),
('church_brothers_farms',    'Church Brothers Farms'),
('cmi_orchards',             'CMI Orchards'),
('dandy',                    'Dandy'),
('delano_farms',             'Delano Farms'),
('delcabo',                  'delCabo'),
('divine_flavor',            'Divine Flavor'),
('dole',                     'Dole'),
('driscolls',                'Driscolls'),
('durst_organic_growers',    'Durst Organic Growers'),
('4_earth_farms',            '4 Earth Farms'),
('east_coast_organics',      'East Coast Organics'),
('earthbound_farm',          'Earthbound Farm'),
('famous_vineyards',         'Famous Vineyards'),
('farmers_best',             'Farmers Best'),
('farmers_promise',          'Farmers Promise'),
('field_and_farm',           'Field & Farm'),
('foxy',                     'Foxy'),
('fresh_express',            'Fresh Express'),
('freshire_farms',           'Freshire Farms'),
('full_circle_market',       'Full Circle Market'),
('good_and_gather',          'Good and Gather'),
('green_field_farms',        'Green Field Farms'),
('green_leaf',               'Green Leaf'),
('grow_true_organic',        'Grow True Organic'),
('grown_true',               'Grown True'),
('happy_living',             'Happy Living'),
('hearts_of_romaine_lettuce','Hearts of Romaine Lettuce'),
('hitchcock_farms',          'Hitchcock Farms'),
('igl_farms',                'IGL Farms'),
('josies_organics',          'Josie''s Organics'),
('joyfully_grown',           'Joyfully Grown'),
('juniper_hill_farm',        'Juniper Hill Farm'),
('kanzi',                    'Kanzi'),
('kiku',                     'Kiku'),
('lady_moon_farms',          'Lady Moon Farms'),
('lakeside_organic_gardens', 'Lakeside Organic Gardens'),
('les_saludes_du_midi',      'Les Saludes Du Midi'),
('lone_star_fresh',          'Lone Star Fresh'),
('marketside',               'Marketside'),
('masters_touch_organics',   'Masters Touch Organics'),
('mcclellan_organics',       'Mcclellan Organics'),
('melissas',                 'Melissas'),
('mighty_minis',             'Mighty Minis'),
('moonlight',                'Moonlight'),
('nature_fresh_farms',       'Nature Fresh Farms'),
('naturipe_farms',           'Naturipe Farms'),
('natures_bounty',           'Nature''s Bounty'),
('natures_promise',          'Nature''s Promise'),
('natures_reward',           'Natures Reward'),
('new_sprout_organic_farms', 'New Sprout Organic Farms'),
('none',                     'None'),
('north_bay_produce',        'North Bay Produce'),
('oak_canyon_farms',         'Oak Canyon Farms'),
('ocean_mist',               'Ocean Mist'),
('olivias_organics',         'Olivia''s Organics'),
('open_acres',               'Open Acres'),
('organic_girl',             'Organic Girl'),
('organic_llano',            'Organic Llano'),
('organic_marketside',       'Organic Marketside'),
('other_unknown',            'Other (unknown)'),
('pam_pak',                  'Pam Pak'),
('pandol',                   'Pandol'),
('pazazz',                   'Pazazz'),
('pero',                     'Pero'),
('petes_living_organic',     'Petes Living Organic'),
('pink_lady',                'Pink Lady'),
('pixie_pears',              'Pixie Pears'),
('prairerth_farm',           'Prairerth Farm'),
('prima',                    'Prima'),
('private_selection',        'Private Selection'),
('pure_flavor',              'Pure Flavor'),
('rainier',                  'Rainier'),
('ranier',                   'Ranier'),
('ratto_bros',               'Ratto Bros'),
('red_sun_farms',            'Red Sun Farms'),
('rivermaid',                'Rivermaid'),
('safeway',                  'Safeway'),
('samsons',                  'Samsons'),
('santa_sweets',             'Santa Sweets'),
('signature_brand',          'Signature Brand'),
('silver_canyon',            'Silver Canyon'),
('simple_truth',             'Simple Truth'),
('simply_nature',            'Simply Nature'),
('skagit_valley',            'Skagit Valley'),
('spiral_path_farm',         'Spiral Path Farm'),
('starr_ranch',              'Starr Ranch'),
('stemilt',                  'Stemilt'),
('strohauer_farms',          'Strohauer Farms'),
('sugar_bee',                'Sugar Bee'),
('sugar_fresh_organics',     'Sugar Fresh Organics'),
('sun_disk',                 'Sun Disk'),
('sunset',                   'Sunset'),
('sunview',                  'Sunview'),
('tasteful_selections',      'Tasteful Selections'),
('taylor_farms',             'Taylor Farms'),
('tomorows_organic',         'Tomorrow''s Organic'),
('top_line_farms',           'Top Line Farms'),
('topline',                  'Topline'),
('trader_joes',              'Trader Joes'),
('tuscarara_farms',          'Tuscarara Farms'),
('unlabeled_package',        'Unlabeled Package'),
('valley_farms',             'Valley Farms'),
('washington',               'Washington'),
('werita',                   'Werita'),
('wholesum_harvest',         'Wholesum Harvest')
ON CONFLICT (name) DO NOTHING;

-- ─── Locations (point-of-purchase store chains) ───────────────────────────────

INSERT INTO locations (name, label, type) VALUES
('7_star_food_center',         '7 Star Food Center',        'Grocery'),
('acme',                       'Acme',                      'Grocery'),
('albertsons',                 'Albertsons',                'Grocery'),
('aldi',                       'Aldi',                      'Grocery'),
('alfalfas',                   'Alfalfas',                  'Health'),
('andys_market',               'Andy''s Market',            'Grocery'),
('arbor_farms_market',         'Arbor Farms Market',        'Health'),
('basic_market',               'Basic Market',              'Grocery'),
('beaumont_market',            'Beaumont Market',           'Grocery'),
('big_y',                      'Big Y',                     'Grocery'),
('blue_parkway_sunfresh',      'Blue Parkway Sunfresh',     'Grocery'),
('bounty_and_soul',            'Bounty And Soul',           'Community'),
('brito_supermarket',          'Brito Supermarket',         'Grocery'),
('buschs_fresh_food_market',   'Busch''s Fresh Food Market','Grocery'),
('carrs_safeway',              'Carrs/Safeway',             'Grocery'),
('costco',                     'Costco',                    'Club'),
('daves_market',               'Dave''s Market',            'Grocery'),
('dill_pickle_food_coop',      'Dill Pickle Food Coop',     'Community'),
('dons',                       'Don''s',                    'Grocery'),
('earth_fair',                 'Earth Fair',                'Health'),
('everybodys',                 'Everybodys',                'Grocery'),
('fairway_market',             'Fairway Market',            'Grocery'),
('fitzgeralds',                'Fitzgerald''s',             'Grocery'),
('food_4_less',                'Food 4 Less',               'Grocery'),
('food_maxx',                  'Food Maxx',                 'Grocery'),
('fred_meyer',                 'Fred Meyer',                'Grocery'),
('fresh_grocer',               'Fresh Grocer',              'Grocery'),
('fresh_thyme',                'Fresh Thyme',               'Health'),
('fruit_basket',               'Fruit Basket',              'Specialty'),
('garden_fresh_marketplace',   'Garden Fresh Marketplace',  'Grocery'),
('geisslers',                  'Geisslers',                 'Grocery'),
('green_farm_market',          'Green Farm Market',         'Grocery'),
('gregs_produce',              'Greg''s Produce',           'Farmers'),
('grocery_basket',             'Grocery Basket',            'Grocery'),
('h_e_b',                      'H-E-B',                     'Grocery'),
('haggen',                     'Haggen',                    'Grocery'),
('hannaford',                  'Hannaford',                 'Grocery'),
('hardings_market',            'Harding''s Market',         'Grocery'),
('hawkins',                    'Hawkins',                   'Grocery'),
('healthy_living',             'Healthy Living',            'Health'),
('heinens',                    'Heinens',                   'Grocery'),
('hy_vee',                     'Hy-Vee',                    'Grocery'),
('imperfect_produce',          'Imperfect Produce',         'Specialty'),
('imperial_fresh_market',      'Imperial Fresh Market',     'Grocery'),
('jewel_supermarket',          'Jewel Supermarket',         'Grocery'),
('jubilee',                    'Jubilee',                   'Grocery'),
('kanes_market',               'Kanes Market',              'Grocery'),
('king_cole_foods',            'King Cole Foods',           'Grocery'),
('king_soopers',               'King Soopers',              'Grocery'),
('kroger',                     'Kroger',                    'Grocery'),
('la_fiesta_supermarket',      'La Fiesta Supermarket',     'Specialty'),
('lazy_a_health_store',        'Lazy A Health Store',       'Health'),
('lidl',                       'Lidl',                      'Grocery'),
('luckys_market',              'Luckys Market',             'Grocery'),
('marcs',                      'Marcs',                     'Grocery'),
('meijer',                     'Meijer',                    'Grocery'),
('mock_crest_grocery',         'Mock Crest Grocery',        'Grocery'),
('morning_glory_natural_foods','Morning Glory Natural Foods','Health'),
('natural_grocers',            'Natural Grocers',           'Health'),
('pak_n_save',                 'Pak n'' Save',              'Grocery'),
('paradise_health_nutrition',  'Paradise Health & Nutrition','Health'),
('peoples_food_co_op',         'Peoples Food Co-Op',        'Community'),
('plum_market',                'Plum Market',               'Specialty'),
('quick_faso_market',          'Quick Faso Market',         'Grocery'),
('ralphs_supermarket',         'Ralphs Supermarket',        'Grocery'),
('royal_food_supermarket',     'Royal Food SuperMarket',    'Grocery'),
('saars_super_saver_foods',    'Saars Super Saver Foods',   'Grocery'),
('sacramento_co_op',           'Sacramento Co-Op',          'Community'),
('safeway',                    'Safeway',                   'Grocery'),
('save_a_lot',                 'Save a Lot',                'Grocery'),
('save_line_market',           'Save Line Market',          'Grocery'),
('shoprite',                   'Shoprite',                  'Grocery'),
('south_loop_market',          'South Loop Market',         'Grocery'),
('sprouts',                    'Sprouts',                   'Health'),
('stop_and_shop',              'Stop & Shop',               'Grocery'),
('sun_plum_market',            'Sun Plum Market',           'Grocery'),
('super_giant_supermarket',    'Super Giant Supermarket',   'Grocery'),
('target',                     'Target',                    'Grocery'),
('taylors_market',             'Taylors Market',            'Specialty'),
('tesco',                      'Tesco',                     'Grocery'),
('the_dutchman',               'The Dutchman',              'Grocery'),
('the_golden_dome_market',     'The Golden Dome Market',    'Grocery'),
('the_greengrocer',            'The Greengrocer',           'Specialty'),
('tonys_fresh_market',         'Tonys Fresh Market',        'Grocery'),
('trader_joes',                'Trader Joes',               'Specialty'),
('trigs',                      'Trigs',                     'Grocery'),
('trouts_jubilee',             'Trouts Jubilee',            'Grocery'),
('uwajimaya',                  'Uwajimaya',                 'Specialty'),
('waitrose',                   'Waitrose',                  'Grocery'),
('walmart',                    'Walmart',                   'Grocery'),
('wegmans',                    'Wegmans',                   'Grocery'),
('whole_foods',                'Whole Foods',               'Health'),
('woodmans',                   'Woodmans',                  'Grocery')
ON CONFLICT (name) DO NOTHING;
